,Rank,Name,Platform,Year,Genre,Publisher,NA_Sales,EU_Sales,JP_Sales,Other_Sales,Global_Sales
0,10689,Generator Rex: Agent of Providence,3DS,2011.0,Action,Activision,0.07,0.02,0.0,0.01,0.1
1,10856,FIFA Street 3,DS,2008.0,Sports,Electronic Arts,0.07,0.02,0.0,0.01,0.09
2,12101,Family Trainer: Treasure Adventure,Wii,2010.0,Sports,Namco Bandai Games,0.0,0.06,0.0,0.01,0.07
3,2973,Shark Tale,GBA,2004.0,Action,Activision,0.49,0.18,0.0,0.01,0.68
4,8504,Medieval Games,Wii,2009.0,Action,Vir2L Studios,0.14,0.01,0.0,0.01,0.16
5,15102,Daito Giken Koushiki Pachi-Slot Simulator: Hihouden - Fuujirareta Megami Portable,PSP,2011.0,Misc,Paon,0.0,0.0,0.02,0.0,0.02
6,661,WCW/nWo Revenge,N64,1998.0,Fighting,THQ,1.94,0.39,0.03,0.02,2.38
7,12769,Angelique Trois,PS2,2000.0,Adventure,Tecmo Koei,0.0,0.0,0.06,0.0,0.06
8,15454,UFO: Trilogy,PC,2007.0,Strategy,Unknown,0.0,0.02,0.0,0.0,0.02
9,10758,Wasteland 2,PC,2015.0,Role-Playing,inXile Entertainment,0.02,0.06,0.0,0.01,0.1
10,12558,Top Gun: Hard Lock,X360,2012.0,Action,505 Games,0.03,0.02,0.0,0.0,0.06
11,6955,New Carnival Games,DS,2010.0,Misc,Take-Two Interactive,0.16,0.05,0.0,0.02,0.23
12,16089,"Iza, Shutsujin! Koisen",PSP,2011.0,Adventure,Quinrose,0.0,0.0,0.01,0.0,0.01
13,5398,Harry Potter and the Half-Blood Prince,PS3,2009.0,Action,Electronic Arts,0.15,0.13,0.0,0.06,0.34
14,8788,Blazing Angels 2: Secret Missions of WWII,PS3,2007.0,Simulation,Ubisoft,0.1,0.03,0.0,0.02,0.15
15,2698,ISS Pro Evolution,PS,1998.0,Sports,Konami Digital Entertainment,0.0,0.0,0.71,0.05,0.76
16,1932,Skylanders SWAP Force,PS3,2013.0,Platform,Activision,0.43,0.44,0.0,0.2,1.07
17,999,Hitman: Absolution,X360,2012.0,Action,Square Enix,0.68,0.9,0.01,0.17,1.76
18,4821,Cabela's Big Game Hunter 2010,PS3,2009.0,Sports,Activision Value,0.37,0.0,0.0,0.03,0.4
19,11578,Motto! Stitch! DS Rhythm de Rakugaki Daisakusen,DS,2010.0,Misc,Disney Interactive Studios,0.0,0.0,0.08,0.0,0.08
20,319,The Legend of Zelda: Link's Awakening,GB,1992.0,Action,Nintendo,2.21,0.96,0.54,0.13,3.83
21,10708,Little League World Series Baseball 2010,X360,2010.0,Sports,Activision,0.09,0.0,0.0,0.01,0.1
22,14232,Utawarerumono Portable,PSP,2009.0,Role-Playing,Aqua Plus,0.0,0.0,0.03,0.0,0.03
23,689,Need For Speed: High Stakes,PS,1999.0,Racing,Electronic Arts,1.58,0.64,0.0,0.09,2.31
24,611,Game Party,Wii,2007.0,Misc,Midway Games,1.5,0.78,0.0,0.24,2.52
25,6101,Kung Zhu,DS,2010.0,Action,Activision,0.26,0.0,0.0,0.02,0.29
26,12128,Lost in Blue 2,DS,2007.0,Adventure,Konami Digital Entertainment,0.01,0.01,0.05,0.0,0.07
27,5539,NCAA GameBreaker 2001,PS,2000.0,Sports,Sony Computer Entertainment,0.18,0.12,0.0,0.02,0.33
28,2559,World Soccer Jikkyou Winning Eleven 3: World Cup France '98,PS,1998.0,Sports,Konami Digital Entertainment,0.0,0.0,0.75,0.05,0.81
29,9994,FIFA Soccer,PSP,2005.0,Sports,Electronic Arts,0.11,0.0,0.0,0.01,0.12
30,6254,R.U.S.E.,PC,2010.0,Strategy,Ubisoft,0.04,0.19,0.0,0.05,0.28
31,5077,Dragon Ball Z: Attack of the Saiyans,DS,2009.0,Role-Playing,Namco Bandai Games,0.13,0.02,0.21,0.01,0.38
32,11990,MLB Front Office Manager,X360,2009.0,Sports,Take-Two Interactive,0.06,0.0,0.0,0.01,0.07
33,4804,Gauntlet: Seven Sorrows,PS2,2005.0,Role-Playing,Midway Games,0.2,0.15,0.0,0.05,0.4
34,3868,SSX On Tour,PS2,2005.0,Sports,Electronic Arts,0.25,0.2,0.0,0.07,0.52
35,10321,Hitman Trilogy,PS2,2007.0,Action,Eidos Interactive,0.05,0.04,0.0,0.01,0.11
36,15690,World Class Rugby 2: Kokunai Gekitou Hen '93,SNES,1994.0,Sports,Misawa,0.0,0.0,0.02,0.0,0.02
37,15203,Indigo Prophecy,PC,2005.0,Adventure,Atari,0.0,0.02,0.0,0.0,0.02
38,6096,Ratatouille: Food Frenzy,DS,2007.0,Puzzle,THQ,0.26,0.0,0.0,0.02,0.29
39,13413,Arslan: The Warriors of Legend,PS3,2015.0,Action,Tecmo Koei,0.0,0.0,0.05,0.0,0.05
40,12455,Champion Jockey: G1 Jockey & Gallop Racer,X360,2011.0,Sports,Tecmo Koei,0.0,0.05,0.0,0.01,0.06
41,8686,Street Racer,PS,1996.0,Racing,Ubisoft,0.09,0.06,0.0,0.01,0.16
42,7081,Saka-Tsuku DS: Touch and Direct,DS,2008.0,Sports,Sega,0.0,0.0,0.23,0.0,0.23
43,8572,The King of Fighters XII,PS3,2009.0,Fighting,Ignition Entertainment,0.11,0.01,0.03,0.01,0.16
44,4702,Mass Effect Trilogy,X360,2012.0,Action,Electronic Arts,0.28,0.1,0.0,0.03,0.41
45,7164,Discovery Kids: Dolphin Discovery,DS,2008.0,Simulation,505 Games,0.21,0.0,0.0,0.01,0.22
46,15743,TV Anime Idolm@ster: Cinderella Girls G4U! Pack Vol.4,PS3,2015.0,Action,Namco Bandai Games,0.0,0.0,0.02,0.0,0.02
47,14399,Otomedius Gorgeous,X360,2008.0,Shooter,Konami Digital Entertainment,0.0,0.0,0.03,0.0,0.03
48,5496,Super Power League 2,SNES,1994.0,Sports,Hudson Soft,0.0,0.0,0.33,0.0,0.33
49,4636,Super Famista 4,SNES,1995.0,Sports,Namco Bandai Games,0.0,0.0,0.42,0.0,0.42
50,13377,Time Travelers,PSV,2012.0,Adventure,Level 5,0.0,0.0,0.05,0.0,0.05
51,6161,Sly Cooper: Thieves in Time,PSV,2013.0,Platform,Sony Computer Entertainment Europe,0.16,0.06,0.0,0.05,0.28
52,3914,SpongeBob SquarePants: Creature from the Krusty Krab,Wii,2006.0,Platform,THQ,0.45,0.02,0.0,0.04,0.51
53,9309,World Championship Poker 2: Featuring Howard Lederer,PSP,2005.0,Misc,505 Games,0.12,0.0,0.0,0.01,0.14
54,14814,Sengoku Basara: Sanada Yukimura-Den,PS4,2016.0,Action,Capcom,0.0,0.0,0.03,0.0,0.03
55,7104,The Raiden Project,PS,1995.0,Shooter,Ocean,0.06,0.04,0.12,0.01,0.23
56,12515,Bust-A-Move '99,N64,1998.0,Puzzle,Acclaim Entertainment,0.05,0.01,0.0,0.0,0.06
57,9762,Gundam Memories: Tatakai no Kioku,PSP,2011.0,Action,Namco Bandai Games,0.0,0.0,0.12,0.0,0.12
58,11983,Aero Gauge,N64,1997.0,Racing,ASCII Entertainment,0.06,0.01,0.0,0.0,0.07
59,4630,Wolfenstein: The Old Blood,PS4,2015.0,Action,Bethesda Softworks,0.09,0.25,0.02,0.06,0.42
60,12925,Wakeboarding Unleashed Featuring Shaun Murray,XB,2003.0,Sports,Activision,0.04,0.01,0.0,0.0,0.05
61,8580,NBA 2K12,PC,2011.0,Sports,Take-Two Interactive,0.09,0.05,0.0,0.02,0.16
62,3926,Final Fantasy II Anniversary Edition,PSP,2007.0,Role-Playing,Square Enix,0.36,0.03,0.07,0.04,0.51
63,1062,Saints Row IV,X360,2013.0,Action,Deep Silver,1.01,0.53,0.01,0.14,1.69
64,1206,Ni no Kuni: Wrath of the White Witch,PS3,2011.0,Role-Playing,Namco Bandai Games,0.6,0.51,0.21,0.23,1.55
65,9505,Nicktoons: MLB,X360,2011.0,Sports,Take-Two Interactive,0.12,0.0,0.0,0.01,0.13
66,3612,Catz,DS,2006.0,Simulation,Ubisoft,0.49,0.02,0.0,0.04,0.56
67,10093,Coraline,PS2,2009.0,Action,D3Publisher,0.06,0.04,0.0,0.01,0.11
68,14201,Monster Guardians,GBA,2001.0,Role-Playing,Konami Digital Entertainment,0.0,0.0,0.03,0.0,0.03
69,2019,Epic Mickey 2: The Power of Two,Wii,2012.0,Action,Disney Interactive Studios,0.72,0.23,0.0,0.08,1.03
70,702,Mario Bros.,NES,1983.0,Platform,Nintendo,0.51,0.12,1.63,0.02,2.28
71,13724,Metal Max Returns,SNES,1995.0,Role-Playing,Data East,0.0,0.0,0.04,0.0,0.04
72,7447,StokEd,X360,2009.0,Sports,Zushi Games,0.18,0.01,0.0,0.01,0.21
73,9091,PaRappa The Rapper 2,PS2,2001.0,Misc,Sony Computer Entertainment,0.07,0.05,0.0,0.02,0.14
74,1029,Twisted Metal III,PS,1998.0,Action,989 Studios,1.48,0.2,0.0,0.05,1.73
75,6687,NBA Showtime: NBA on NBC,N64,1999.0,Sports,Midway Games,0.23,0.02,0.0,0.0,0.25
76,12809,GRID,DS,2005.7605893186003,Racing,Codemasters,0.04,0.01,0.0,0.0,0.06
77,1657,Sly Cooper and the Thievius Raccoonus,PS2,2002.0,Platform,Sony Computer Entertainment,1.03,0.14,0.0,0.04,1.21
78,13155,Assassin's Creed: Altair's Chronicles,DS,2008.0,Platform,Ubisoft,0.03,0.01,0.0,0.0,0.05
79,13151,Harukanaru Toki no Naka de 3,PS2,2004.0,Adventure,Tecmo Koei,0.0,0.0,0.05,0.0,0.05
80,12207,The Guided Fate Paradox,PS3,2013.0,Role-Playing,Nippon Ichi Software,0.0,0.0,0.06,0.0,0.07
81,15988,Hotel Giant DS,DS,2008.0,Simulation,Nobilis,0.0,0.01,0.0,0.0,0.01
82,8416,Toukiden Kiwami,PS4,2015.0,Action,Tecmo Koei,0.05,0.07,0.02,0.02,0.17
83,751,Madden NFL 25,X360,2013.0,Sports,Electronic Arts,1.97,0.07,0.0,0.13,2.18
84,6692,Gex 64: Enter the Gecko,N64,1998.0,Action,GT Interactive,0.2,0.05,0.0,0.0,0.25
85,12719,Wantame Fortune Channel,DS,2007.0,Misc,Capcom,0.0,0.0,0.06,0.0,0.06
86,3115,Advance Wars 2: Black Hole Rising,GBA,2003.0,Strategy,Nintendo,0.47,0.17,0.0,0.01,0.65
87,724,Teenage Mutant Ninja Turtles II: The Arcade Game,NES,1990.0,Action,Konami Digital Entertainment,1.74,0.25,0.21,0.03,2.23
88,7426,Angel Blade: Neo Tokyo Guardians,PS,1997.0,Role-Playing,On Demand,0.12,0.08,0.0,0.01,0.21
89,5722,Namco Museum: Virtual Arcade,X360,2008.0,Misc,Atari,0.27,0.01,0.01,0.02,0.31
90,8061,Let's TAP,Wii,2008.0,Misc,Sega,0.09,0.06,0.01,0.02,0.18
91,7049,Luminous Arc 2,DS,2008.0,Role-Playing,Rising Star Games,0.21,0.0,0.0,0.02,0.23
92,7754,Arc Rise Fantasia,Wii,2009.0,Role-Playing,Marvelous Interactive,0.13,0.0,0.06,0.01,0.19
93,10340,Goal Storm '97,PS,1996.0,Sports,Konami Digital Entertainment,0.01,0.0,0.09,0.01,0.11
94,2484,Dynasty Warriors 2,PS2,2000.0,Action,THQ,0.24,0.19,0.34,0.06,0.83
95,13971,Garfield: The Search for Pooky,GBA,2003.0,Platform,Game Factory,0.03,0.01,0.0,0.0,0.04
96,11230,Edna & Harvey: Harvey's New Eyes,PC,2011.0,Adventure,Rondomedia,0.0,0.07,0.0,0.01,0.09
97,10134,Yu Yu Hakusho: Tournament Tactics,GBA,2004.0,Strategy,Atari,0.08,0.03,0.0,0.0,0.11
98,8245,Smash Court Tennis Pro Tournament,PS2,2002.0,Sports,Sony Computer Entertainment,0.08,0.07,0.0,0.02,0.17
99,14472,Lords of the Fallen,PC,2014.0,Role-Playing,Square Enix,0.0,0.03,0.0,0.0,0.03
100,16373,Gobliiins 4,PC,2009.0,Adventure,Kalypso Media,0.0,0.01,0.0,0.0,0.01
101,4180,FIFA Soccer 13,PSV,2012.0,Action,Electronic Arts,0.0,0.3,0.05,0.12,0.47
102,9244,Puyo Puyo!! 20th Anniversary,DS,2011.0,Puzzle,Sega,0.0,0.0,0.14,0.0,0.14
103,3014,The Darkness,PS3,2007.0,Shooter,Take-Two Interactive,0.2,0.34,0.0,0.13,0.67
104,13344,Chocobo to Mahou no Ehon: Majo to Shoujo to 5-Jin no Yuusha,DS,2008.0,Role-Playing,Square Enix,0.0,0.0,0.05,0.0,0.05
105,13669,Unison: Rebels of Rhythm & Dance,PS2,2000.0,Misc,Tecmo Koei,0.02,0.02,0.0,0.01,0.04
106,7102,MySims Party,Wii,2009.0,Simulation,Electronic Arts,0.18,0.03,0.0,0.02,0.23
107,2688,Sonic Unleashed,PS2,2008.0,Platform,Sega,0.37,0.04,0.0,0.36,0.76
108,9918,Don Bradman Cricket 14,PS4,2015.0,Sports,Tru Blu Entertainment,0.01,0.09,0.0,0.02,0.12
109,701,Yokai Watch Busters,3DS,2015.0,Action,Level 5,0.0,0.0,2.28,0.0,2.28
110,12060,Dynasty Warriors 8: Empires,XOne,2014.0,Action,Tecmo Koei,0.04,0.02,0.0,0.01,0.07
111,7575,MLB 12: The Show,PSV,2012.0,Sports,Sony Computer Entertainment,0.18,0.0,0.0,0.02,0.2
112,139,Driver,PS,1999.0,Action,GT Interactive,3.11,2.8,0.02,0.33,6.27
113,10980,Metal Slug X,PS,2001.0,Shooter,Virgin Interactive,0.05,0.03,0.0,0.01,0.09
114,6577,Choro Q3,PS,1998.0,Racing,Takara,0.0,0.0,0.24,0.02,0.26
115,5787,Math Play,DS,2006.0,Puzzle,Ubisoft,0.28,0.0,0.0,0.02,0.31
116,15441,Warship Gunner 2 Portable,PSP,2009.0,Simulation,Tecmo Koei,0.0,0.0,0.02,0.0,0.02
117,10326,Attack of the Movies 3D,Wii,2010.0,Shooter,Majesco Entertainment,0.1,0.0,0.0,0.01,0.11
118,7879,Warhammer: Shadow of the Horned Rat,PS,1996.0,Strategy,Mindscape,0.11,0.07,0.0,0.01,0.19
119,340,Tony Hawk's Pro Skater 4,PS2,2002.0,Sports,Activision,2.13,1.18,0.01,0.35,3.67
120,2322,X-Men Legends,XB,2004.0,Role-Playing,Activision,0.62,0.24,0.0,0.04,0.9
121,9943,CSI: Crime Scene Investigation,XB,2004.0,Adventure,Ubisoft,0.09,0.03,0.0,0.0,0.12
122,1123,Kinectimals,X360,2010.0,Simulation,Microsoft Game Studios,1.02,0.48,0.0,0.14,1.64
123,9562,Legend of the Guardians: The Owls of Ga'Hoole,Wii,2010.0,Action,Warner Bros. Interactive Entertainment,0.11,0.01,0.0,0.01,0.13
124,3133,Sengoku Basara: Samurai Heroes,PS3,2010.0,Action,Capcom,0.17,0.04,0.4,0.03,0.65
125,15197,Let's Play Flight Attendant,DS,2010.0,Simulation,Deep Silver,0.02,0.0,0.0,0.0,0.02
126,8809,GoldenEye 007 (2010),DS,2010.0,Action,Activision,0.11,0.03,0.0,0.01,0.15
127,4369,Dance Dance Revolution: Hottest Party 3,Wii,2009.0,Simulation,Konami Digital Entertainment,0.26,0.14,0.0,0.04,0.45
128,5427,Buzz! The Ultimate Music Quiz,PS3,2010.0,Misc,Sony Computer Entertainment,0.0,0.25,0.0,0.08,0.34
129,12558,Top Gun: Hard Lock,X360,2012.0,Action,505 Games,0.03,0.02,0.0,0.0,0.06
130,6256,Armored Core: Project Phantasma,PS,1997.0,Simulation,From Software,0.06,0.04,0.15,0.02,0.28
131,13470,The Hustle: Detroit Streets,PS2,2006.0,Sports,Activision,0.02,0.02,0.0,0.01,0.04
132,14730,"Hanayaka Kana, Ware ga Ichizoku Twin Pack",PSP,2011.0,Misc,Idea Factory,0.0,0.0,0.03,0.0,0.03
133,9502,FIFA World Cup Germany 2006,GC,2006.0,Sports,Electronic Arts,0.1,0.03,0.0,0.0,0.13
134,14683,Ghostbusters (2016),PS4,2016.0,Action,Activision,0.02,0.0,0.0,0.01,0.03
135,6393,The Sims 2: Pets,GC,2006.0,Simulation,Electronic Arts,0.21,0.05,0.0,0.01,0.27
136,9888,HardBall 5,PS,1996.0,Sports,SPS,0.07,0.04,0.0,0.01,0.12
137,1871,Lightning Returns: Final Fantasy XIII,PS3,2013.0,Role-Playing,Square Enix,0.31,0.22,0.45,0.12,1.1
138,6173,Remington Super Slam Hunting: Africa,Wii,2010.0,Sports,Mastiff,0.27,0.0,0.0,0.02,0.28
139,3895,Pro Evolution Soccer 2010,Wii,2009.0,Sports,Konami Digital Entertainment,0.12,0.27,0.06,0.05,0.51
140,11807,CSI: Dark Motives,DS,2007.0,Adventure,Ubisoft,0.05,0.01,0.0,0.01,0.07
141,885,Tom Clancy's Ghost Recon,PS2,2002.0,Shooter,Ubisoft,1.42,0.4,0.0,0.12,1.94
142,13303,Company of Heroes,PC,2006.0,Strategy,THQ,0.0,0.04,0.0,0.01,0.05
143,4493,Remington Great American Bird Hunt,Wii,2009.0,Sports,Mastiff,0.41,0.0,0.0,0.03,0.44
144,15918,Dream Dancer,DS,2005.7605893186003,Misc,,0.01,0.0,0.0,0.0,0.02
145,16043,Impossible Creatures,PC,2002.0,Strategy,Microsoft Game Studios,0.0,0.01,0.0,0.0,0.01
146,14746,RollerCoaster Tycoon 2: Triple Thrill Pack,PC,2003.0,Strategy,Atari,0.0,0.02,0.0,0.01,0.03
147,15095,Kimi ga Aruji de Shitsuji ga Ore de: Oshie Nikki,PS2,2008.0,Adventure,Minato Station,0.0,0.0,0.02,0.0,0.02
148,14481,Minna no Golf Jou Vol.1,PSP,2007.0,Sports,Sony Computer Entertainment,0.0,0.0,0.03,0.0,0.03
149,4388,Samurai Warriors: Xtreme Legends,PS2,2004.0,Action,Tecmo Koei,0.04,0.03,0.36,0.01,0.45
150,141,Gears of War 3,X360,2011.0,Shooter,Microsoft Game Studios,4.05,1.62,0.07,0.49,6.24
151,1292,Fight Night Round 3,X360,2006.0,Fighting,Electronic Arts,1.33,0.03,0.01,0.1,1.47
152,13959,GoPets: Vacation Island,DS,2008.0,Simulation,Konami Digital Entertainment,0.03,0.0,0.0,0.0,0.04
153,2616,Dragon Quest Monsters 2,3DS,2014.0,Role-Playing,Square Enix,0.0,0.0,0.79,0.0,0.79
154,11892,Eiken DS,DS,2007.0,Misc,Rocket Company,0.0,0.0,0.07,0.0,0.07
155,4790,Tak and the Power of Juju,GC,2003.0,Platform,THQ,0.31,0.08,0.0,0.01,0.4
156,16070,IL-2 Sturmovik,PC,2001.0,Simulation,Blue Byte,0.0,0.01,0.0,0.0,0.01
157,3161,Nicktoons Collection: Game Boy Advance Video Volume 1,GBA,2004.0,Misc,,0.46,0.17,0.0,0.01,0.64
158,2306,Crysis 3,PS3,2013.0,Shooter,Electronic Arts,0.26,0.43,0.03,0.18,0.9
159,2421,Madden Football 64,N64,1997.0,Sports,Electronic Arts,0.81,0.04,0.0,0.01,0.86
160,1152,Dollar Dash,PS2,2005.0,Action,Take-Two Interactive,1.3,0.23,0.0,0.07,1.6
161,4036,GoldenEye: Rogue Agent,XB,2004.0,Shooter,Electronic Arts,0.34,0.13,0.0,0.02,0.49
162,6523,Sengoku Basara: Battle Heroes,PSP,2009.0,Action,Capcom,0.0,0.0,0.26,0.0,0.26
163,3895,Pro Evolution Soccer 2010,Wii,2009.0,Sports,Konami Digital Entertainment,0.12,0.27,0.06,0.05,0.51
164,9479,Harvest Moon DS (jp sales),DS,2005.0,Simulation,Rising Star Games,0.0,0.0,0.13,0.0,0.13
165,7192,Galactic Wrestling: Featuring Ultimate Muscle,PS2,2004.0,Fighting,Namco Bandai Games,0.03,0.02,0.17,0.01,0.22
166,3732,Madden NFL 13,Wii,2012.0,Sports,Electronic Arts,0.51,0.0,0.0,0.03,0.54
167,11271,Virtua Fighter CG Portrait Series Vol.2: Jacky Bryant,SAT,1995.0,Misc,Sega,0.0,0.0,0.08,0.0,0.08
168,8899,Armored Core: For Answer,X360,2008.0,Simulation,Ubisoft,0.06,0.01,0.07,0.01,0.15
169,6124,Shadow Hearts,PS2,2001.0,Role-Playing,Midway Games,0.09,0.07,0.1,0.02,0.28
170,10465,Tom Clancy's Splinter Cell: Chaos Theory,GC,2005.0,Action,Ubisoft,0.08,0.02,0.0,0.0,0.1
171,3097,NHL 13,PS3,2012.0,Sports,Electronic Arts,0.33,0.22,0.0,0.1,0.65
172,882,Alleyway,GB,1989.0,Puzzle,Nintendo,0.96,0.38,0.55,0.05,1.94
173,14158,Clash of Elementalists,3DS,2013.0,Action,Unknown,0.0,0.03,0.0,0.0,0.03
174,7409,Cabela's Deer Hunt: 2004 Season,XB,2003.0,Sports,Activision Value,0.16,0.05,0.0,0.01,0.21
175,13960,Pia Carrot e Youkoso!! 2.5,DC,2008.0,Adventure,NEC Interchannel,0.0,0.0,0.04,0.0,0.04
176,11100,The Mummy: Tomb of the Dragon Emperor,Wii,2008.0,Action,Vivendi Games,0.08,0.0,0.0,0.01,0.09
177,5060,Just Dance 2015,PS4,2014.0,Misc,Ubisoft,0.19,0.13,0.0,0.06,0.38
178,13550,Casual Mania!,DS,2010.0,Puzzle,Foreign Media Games,0.04,0.0,0.0,0.0,0.04
179,1017,Xenosaga Episode I: Der Wille zur Macht,PS2,2002.0,Role-Playing,Namco Bandai Games,0.63,0.49,0.45,0.17,1.74
180,4803,Congo Bongo,2600,1982.0,Action,Sega,0.37,0.02,0.0,0.0,0.4
181,747,Hitman: Absolution,PS3,2012.0,Action,Square Enix,0.59,1.07,0.07,0.45,2.19
182,9681,After Hours Athletes,PS3,2011.0,Sports,Sony Computer Entertainment,0.0,0.1,0.0,0.03,0.12
183,8506,The Amazing Spider-Man (Console Version),Wii,2012.0,Action,Activision,0.11,0.04,0.0,0.01,0.16
184,807,Sim Theme Park,PC,1998.0,Strategy,Electronic Arts,2.04,0.04,0.0,0.0,2.08
185,6342,Reader Rabbit Kindergarten,DS,2008.0,Misc,Nordic Games,0.25,0.0,0.0,0.02,0.27
186,5885,Hard Hitter Tennis,PS2,2001.0,Sports,Midas Interactive Entertainment,0.15,0.11,0.0,0.04,0.3
187,11390,The Sims 2: Ikea Home Stuff,PC,2008.0,Simulation,Electronic Arts,0.0,0.07,0.0,0.02,0.08
188,12559,JoJo's Bizarre Adventure: All Star Battle,3DS,2012.0,Fighting,Take-Two Interactive,0.06,0.0,0.0,0.0,0.06
189,10831,Egg Monster Hero,DS,2005.7605893186003,Role-Playing,Square Enix,0.0,0.0,0.09,0.0,0.09
190,10191,Disney's Extreme Skate Adventure,XB,2003.0,Sports,Activision,0.08,0.02,0.0,0.0,0.11
191,4463,Yu-Gi-Oh! 5D's Tag Force 4,PSP,2009.0,Strategy,Konami Digital Entertainment,0.19,0.07,0.12,0.06,0.44
192,2540,NASCAR 2001,PS,2000.0,Racing,Electronic Arts,0.45,0.31,0.0,0.05,0.81
193,7448,Rollcage,PS,1999.0,Racing,Psygnosis,0.12,0.08,0.0,0.01,0.21
194,12689,Catwoman,XB,2004.0,Action,Electronic Arts,0.04,0.01,0.0,0.0,0.06
195,2164,Dragon Quest Monsters: Terry's Wonderland 3D,3DS,2012.0,Role-Playing,Square Enix,0.0,0.0,0.96,0.0,0.96
196,12267,Escape from Bug Island,Wii,2006.0,Action,Eidos Interactive,0.04,0.01,0.01,0.0,0.06
197,16582,PGA European Tour,N64,2000.0,Sports,Infogrames,0.01,0.0,0.0,0.0,0.01
198,15563,Downtown Nekketsu Koushinkyoku: Soreyuke Daiundoukai All-Star Special,PS3,2015.0,Action,Arc System Works,0.0,0.0,0.02,0.0,0.02
199,1766,Ninja Gaiden Sigma,PS3,2007.0,Action,Eidos Interactive,0.57,0.33,0.09,0.16,1.15
200,13807,Zac to Ombra: Maboroshi no Yuuenchi,DS,2010.0,Adventure,Konami Digital Entertainment,0.0,0.0,0.04,0.0,0.04
201,8453,The Sims 3: Seasons,PC,2012.0,Simulation,Electronic Arts,0.0,0.13,0.0,0.03,0.17
202,3495,NHL 06,PS2,2005.0,Sports,Electronic Arts,0.48,0.02,0.0,0.08,0.58
203,5052,Pokemon Channel,GC,2003.0,Adventure,Nintendo,0.24,0.06,0.07,0.01,0.38
204,7049,Luminous Arc 2,DS,2008.0,Role-Playing,Rising Star Games,0.21,0.0,0.0,0.02,0.23
205,3733,Rune Factory 2: A Fantasy Harvest Moon,DS,2008.0,Role-Playing,Rising Star Games,0.33,0.03,0.15,0.03,0.54
206,15208,FIFA Soccer 09,PC,2008.0,Sports,Electronic Arts,0.0,0.02,0.0,0.0,0.02
207,7656,Grandia II,DC,2000.0,Role-Playing,Ubisoft,0.0,0.0,0.2,0.0,0.2
208,14249,Legend of the Dragon,PSP,2007.0,Fighting,Game Factory,0.03,0.0,0.0,0.0,0.03
209,6883,Ghost Rider,PSP,2007.0,Action,Take-Two Interactive,0.22,0.0,0.0,0.02,0.24
210,6203,Silent Hill 2: Restless Dreams,XB,2001.0,Action,Konami Digital Entertainment,0.21,0.06,0.0,0.01,0.28
211,5831,Virtua Cop 2,SAT,1996.0,Shooter,Sega,0.0,0.0,0.3,0.0,0.3
212,5564,NBA Live 06,GC,2005.0,Sports,Electronic Arts,0.25,0.07,0.0,0.01,0.33
213,643,Dino Crisis,PS,1998.0,Action,Capcom,0.81,0.76,0.7,0.14,2.41
214,15973,SBK Superbike World Championship,PS2,2008.0,Racing,Black Bean Games,0.01,0.01,0.0,0.0,0.02
215,11499,Pilot ni Narou! 2,PS2,2001.0,Simulation,Victor Interactive,0.0,0.0,0.08,0.0,0.08
216,7810,Avatar: The Last Airbender - Into the Inferno,Wii,2008.0,Adventure,THQ,0.17,0.01,0.0,0.01,0.19
217,9155,Bassmasters 2000,N64,1999.0,Sports,THQ,0.11,0.03,0.0,0.0,0.14
218,14947,BeatMania IIDX 11: IIDX Red,PS2,2006.0,Simulation,Konami Digital Entertainment,0.0,0.0,0.02,0.0,0.02
219,7735,Dexter's Lab Chess Challenge,GBA,2002.0,Misc,BAM! Entertainment,0.14,0.05,0.0,0.0,0.2
220,1307,Super Monkey Ball,GC,2001.0,Puzzle,Atari,0.95,0.37,0.1,0.04,1.46
221,764,Super Mario RPG: Legend of the Seven Stars,SNES,1996.0,Role-Playing,Nintendo,0.66,0.0,1.45,0.03,2.14
222,7809,Might & Magic: Clash of Heroes,DS,2009.0,Role-Playing,Ubisoft,0.16,0.02,0.0,0.01,0.19
223,15720,Without Warning,XB,2005.7605893186003,Shooter,Capcom,0.01,0.0,0.0,0.0,0.02
224,13836,SuperCar Challenge,PS3,2009.0,Racing,System 3 Arcade Software,0.0,0.03,0.0,0.01,0.04
225,5298,One Piece: Gigant Battle 2 Shin Sekai,DS,2011.0,Fighting,Namco Bandai Games,0.0,0.0,0.35,0.0,0.35
226,14464,Renai Revenge,PSV,2015.0,Adventure,TGL,0.0,0.0,0.03,0.0,0.03
227,10202,Naval Ops: Warship Gunner,PS2,2003.0,Simulation,Tecmo Koei,0.05,0.04,0.0,0.01,0.11
228,11976,Harry Potter and the Sorcerer's Stone,XB,2003.0,Action,Electronic Arts,0.05,0.02,0.0,0.0,0.07
229,3084,Shrek: Hassle at the Castle,GBA,2002.0,Action,TDK Mediactive,0.47,0.17,0.0,0.01,0.66
230,13184,"Lupin III: Lupin ni wa Shi o, Zenigata ni wa Koi o",PS2,2007.0,Adventure,505 Games,0.0,0.0,0.05,0.0,0.05
231,10364,Disney's Chicken Little: Ace In Action,Wii,2005.7605893186003,Shooter,Disney Interactive Studios,0.1,0.0,0.0,0.01,0.11
232,4328,The Powerpuff Girls: Relish Rampage,PS2,2002.0,Action,BAM! Entertainment,0.22,0.17,0.0,0.06,0.45
233,1312,LEGO Batman 2: DC Super Heroes,Wii,2012.0,Action,Warner Bros. Interactive Entertainment,0.94,0.4,0.0,0.11,1.46
234,1985,Sonic the Hedgehog,X360,2006.0,Platform,Sega,0.44,0.49,0.0,0.11,1.05
235,7883,Warriors: Legends of Troy,PS3,2011.0,Action,Tecmo Koei,0.06,0.05,0.07,0.02,0.19
236,2439,Army of Two: The 40th Day,PS3,2010.0,Shooter,Electronic Arts,0.44,0.27,0.01,0.12,0.85
237,2702,Super Monkey Ball: Touch & Roll,DS,2005.0,Misc,Sega,0.7,0.01,0.0,0.06,0.76
238,750,Forza Motorsport 5,XOne,2013.0,Racing,Microsoft Game Studios,1.21,0.78,0.01,0.17,2.18
239,8947,Code:Realize - Sousei no Himegimi,PSV,2014.0,Adventure,Idea Factory,0.09,0.0,0.03,0.03,0.15
240,4683,Scooby-Doo and the Cyber Chase,GBA,2001.0,Adventure,Ubisoft,0.3,0.11,0.0,0.01,0.41
241,2086,The Simpsons: Hit & Run,GC,2003.0,Racing,Vivendi Games,0.77,0.2,0.0,0.03,0.99
242,1474,WWF War Zone,N64,1998.0,Fighting,Acclaim Entertainment,1.08,0.24,0.0,0.02,1.33
243,2413,Winning Eleven: Pro Evolution Soccer 2007,PSP,2006.0,Sports,Konami Digital Entertainment,0.01,0.72,0.12,0.01,0.86
244,11988,Super Robot Spirits,N64,1998.0,Fighting,Banpresto,0.0,0.0,0.04,0.03,0.07
245,16552,E.T. The Extra-Terrestrial,GBA,2001.0,Action,NewKidCo,0.01,0.0,0.0,0.0,0.01
246,13096,Rave Master,GC,2002.0,Fighting,Konami Digital Entertainment,0.0,0.0,0.05,0.0,0.05
247,9999,Mystery P.I. - Portrait of a Thief,DS,2008.0,Adventure,Unknown,0.11,0.0,0.0,0.01,0.11
248,10144,Virtua Fighter CG Portrait Series Vol.1: Sarah Bryant,SAT,1995.0,Misc,Sega,0.0,0.0,0.11,0.0,0.11
249,10321,Hitman Trilogy,PS2,2007.0,Action,Eidos Interactive,0.05,0.04,0.0,0.01,0.11
250,255,Sonic the Hedgehog,GEN,1991.0,Platform,Sega,3.03,0.91,0.26,0.13,4.34
251,1481,Corvette,PS2,2004.0,Racing,TDK Mediactive,0.65,0.51,0.0,0.17,1.33
252,974,Dragon Quest Monsters: Joker,DS,2006.0,Role-Playing,Square Enix,0.23,0.03,1.49,0.03,1.78
253,11194,Invasion From Beyond,PS,1998.0,Shooter,GT Interactive,0.05,0.03,0.0,0.01,0.09
254,1347,Frogger 2: Swampy's Revenge,PS,1999.0,Action,Hasbro Interactive,0.8,0.54,0.0,0.09,1.43
255,1839,Rock Band,PS2,2005.7605893186003,Misc,Electronic Arts,0.71,0.06,0.0,0.35,1.11
256,12148,Freddi Fish: Kelp Seed Mystery,Wii,2008.0,Adventure,Majesco Entertainment,0.06,0.0,0.0,0.0,0.07
257,3147,NBA 2K17,XOne,2016.0,Sports,Take-Two Interactive,0.54,0.04,0.0,0.07,0.64
258,14214,RACE On,PC,2009.0,Racing,bitComposer Games,0.0,0.03,0.0,0.01,0.03
259,12613,Dragon Rage,PS2,2001.0,Shooter,3DO,0.03,0.02,0.0,0.01,0.06
260,16261,Championship Manager 2010,PC,2009.0,Sports,Eidos Interactive,0.0,0.01,0.0,0.0,0.01
261,2387,Kingdom Hearts Re: Chain of Memories,PS2,2008.0,Role-Playing,Square Enix,0.73,0.03,0.0,0.12,0.87
262,2991,Mercenaries: Playground of Destruction,XB,2005.0,Action,LucasArts,0.54,0.11,0.0,0.03,0.68
263,6233,Pokemon Box: Ruby & Sapphire,GC,2003.0,Misc,Nintendo,0.0,0.0,0.27,0.01,0.28
264,4015,RealSports Tennis,2600,1982.0,Sports,Atari,0.46,0.03,0.0,0.01,0.5
265,8356,NBA Live 16,PS4,2015.0,Sports,Electronic Arts,0.1,0.04,0.0,0.03,0.17
266,11176,Chou Jigen Game Neptune Mk-II,PS3,2011.0,Role-Playing,Compile Heart,0.0,0.0,0.09,0.0,0.09
267,3896,Goldeneye 007: Reloaded,X360,2011.0,Shooter,Activision,0.25,0.21,0.0,0.05,0.51
268,13393,To Love-Ru Trouble Darkness: Battle Ecstasy,PSV,2014.0,Action,FuRyu,0.0,0.0,0.05,0.0,0.05
269,3626,NCAA Football 07,XB,2006.0,Sports,Electronic Arts,0.42,0.12,0.0,0.01,0.56
270,6360,The Penguins of Madagascar,DS,2010.0,Action,THQ,0.13,0.12,0.0,0.02,0.27
271,14394,Timmy Time,DS,2011.0,Action,Avanquest,0.0,0.03,0.0,0.0,0.03
272,5146,Bottom of the 9th,N64,1999.0,Sports,Konami Digital Entertainment,0.37,0.0,0.0,0.0,0.37
273,10624,The Bard's Tale,XB,2004.0,Role-Playing,Ubisoft,0.08,0.02,0.0,0.0,0.1
274,6633,Galactic Attack,SAT,1994.0,Shooter,Acclaim Entertainment,0.0,0.0,0.25,0.0,0.25
275,10069,The Hardy Boys: Treasure on the Tracks,DS,2009.0,Adventure,Sega,0.11,0.0,0.0,0.01,0.11
276,14076,Hello Kitty: Roller Rescue,PC,2005.0,Action,Empire Interactive,0.0,0.03,0.0,0.0,0.04
277,8262,The Hobbit,GC,2003.0,Platform,Vivendi Games,0.13,0.03,0.0,0.0,0.17
278,13057,Battle vs. Chess,PS3,2005.7605893186003,Misc,TopWare Interactive,0.0,0.04,0.0,0.01,0.05
279,8854,J-League Victory Goal,SAT,1995.0,Sports,Sega,0.0,0.0,0.15,0.0,0.15
280,1958,Dora the Explorer: Dora Saves the Mermaids,DS,2007.0,Platform,Take-Two Interactive,0.97,0.01,0.0,0.08,1.06
281,6180,MLB 07: The Show,PSP,2007.0,Sports,Sony Computer Entertainment,0.26,0.0,0.0,0.02,0.28
282,603,Dragon Warrior II,NES,1987.0,Role-Playing,Enix Corporation,0.15,0.0,2.41,0.0,2.56
283,16494,Summer Athletics,PC,2008.0,Sports,DTP Entertainment,0.0,0.01,0.0,0.0,0.01
284,4377,Naruto Shippuden: Ultimate Ninja Storm Generations,X360,2012.0,Fighting,Namco Bandai Games,0.26,0.14,0.01,0.04,0.45
285,10125,Pac-Man and the Ghostly Adventures 2,X360,2014.0,Adventure,Namco Bandai Games,0.05,0.05,0.0,0.01,0.11
286,5668,Shin Momotarou Densetsu,SNES,1993.0,Role-Playing,Hudson Soft,0.0,0.0,0.32,0.0,0.32
287,7369,MVP Baseball,PSP,2005.0,Sports,Electronic Arts,0.2,0.0,0.0,0.02,0.21
288,13375,XBLAZE Code: Embryo,PSV,2013.0,Adventure,Arc System Works,0.03,0.0,0.01,0.01,0.05
289,15965,Imperium Romanum,PC,2008.0,Strategy,Kalypso Media,0.0,0.01,0.0,0.0,0.02
290,16158,Isshoni Gohan. Portable,PSP,2013.0,Adventure,Boost On,0.0,0.0,0.01,0.0,0.01
291,445,Personal Trainer: Cooking,DS,2006.0,Misc,Nintendo,0.91,1.0,1.03,0.17,3.12
292,15193,Fuel,PC,2009.0,Racing,Codemasters,0.0,0.02,0.0,0.0,0.02
293,13681,Hayate no Gotoku! Ojousama Produce Daisakusen Boku Iro ni Somare! Gakkou-Hen,DS,2008.0,Simulation,Konami Digital Entertainment,0.0,0.0,0.04,0.0,0.04
294,15869,San Goku Shi DS 2,DS,2007.0,Strategy,Tecmo Koei,0.0,0.0,0.02,0.0,0.02
295,11160,Star Wars: Empire at War,PC,2006.0,Strategy,LucasArts,0.01,0.06,0.0,0.02,0.09
296,3885,The 3rd Birthday,PSP,2010.0,Role-Playing,Square Enix,0.13,0.07,0.27,0.05,0.51
297,2789,Pirates of the Caribbean: At World's End,PS3,2007.0,Action,Disney Interactive Studios,0.17,0.41,0.0,0.15,0.74
298,2153,PlayStation All-Stars Battle Royale,PS3,2012.0,Action,Sony Computer Entertainment,0.5,0.28,0.04,0.14,0.96
299,15014,Peter Pan in Disney's Return to Never Land,PS,2002.0,Platform,Sony Computer Entertainment,0.01,0.01,0.0,0.0,0.02
300,7646,Treasure Hunter G,SNES,1996.0,Role-Playing,SquareSoft,0.0,0.0,0.2,0.0,0.2
301,2441,Castlevania III: Dracula's Curse,NES,1989.0,Platform,Konami Digital Entertainment,0.4,0.07,0.37,0.01,0.85
302,611,Game Party,Wii,2007.0,Misc,Midway Games,1.5,0.78,0.0,0.24,2.52
303,14291,Raw Danger!,PS2,2006.0,Action,505 Games,0.02,0.01,0.0,0.0,0.03
304,4368,Eternal Sonata,PS3,2008.0,Role-Playing,Atari,0.19,0.13,0.07,0.06,0.45
305,1962,Virtua Tennis 3,PS3,2007.0,Sports,Sega,0.23,0.59,0.03,0.22,1.06
306,5371,Iron Man 2,DS,2010.0,Action,Sega,0.15,0.16,0.0,0.03,0.34
307,10372,Jampack Volume 14 (RP-T),PS2,2006.0,Misc,Sony Computer Entertainment,0.05,0.04,0.0,0.01,0.11
308,11432,Adventure Time: The Secret of the Nameless Kingdom,3DS,2014.0,Action,Little Orbit,0.0,0.07,0.0,0.0,0.08
309,9532,Reader Rabbit Kindergarten,Wii,2010.0,Misc,Graffiti,0.12,0.0,0.0,0.01,0.13
310,3786,SingStar Dance,PS3,2010.0,Misc,Sony Computer Entertainment,0.09,0.32,0.0,0.12,0.53
311,15512,Mushihimesama,X360,2012.0,Action,Cave,0.0,0.0,0.02,0.0,0.02
312,13613,FIFA Soccer 2003 (weekly jp sales),PS2,2002.0,Sports,Electronic Arts,0.0,0.0,0.04,0.0,0.04
313,4622,The Adventures of Jimmy Neutron Boy Genius: Jet Fusion,PS2,2003.0,Action,THQ,0.21,0.16,0.0,0.05,0.42
314,7219,The Lord of the Rings: The Third Age,GBA,2004.0,Role-Playing,Electronic Arts,0.16,0.06,0.0,0.0,0.22
315,12366,Challenge Me: Brain Puzzles,DS,2009.0,Puzzle,Oxygen Interactive,0.06,0.0,0.0,0.0,0.06
316,3266,SpongeBob's Atlantis SquarePantis,Wii,2007.0,Action,THQ,0.57,0.01,0.0,0.04,0.62
317,7371,Ghostbusters II,2600,2005.7605893186003,Action,Activision,0.2,0.01,0.0,0.0,0.21
318,5248,Frogs And Flies,2600,1981.0,Action,Mattel Interactive,0.33,0.02,0.0,0.0,0.36
319,8237,Street Fighter: The Movie,PS,1995.0,Fighting,Acclaim Entertainment,0.1,0.07,0.0,0.01,0.17
320,15051,Total Immersion Racing,XB,2002.0,Racing,Empire Interactive,0.02,0.01,0.0,0.0,0.02
321,409,The Lord of the Rings: The Return of the King,PS2,2003.0,Action,Electronic Arts,1.5,1.28,0.05,0.46,3.28
322,6296,Resident Evil: Deadly Silence,DS,2006.0,Action,Capcom,0.12,0.03,0.11,0.01,0.27
323,8025,NARC,XB,2005.0,Shooter,Midway Games,0.14,0.04,0.0,0.01,0.18
324,10800,Tennis no Oji-Sama: Motto Gakuensai no Ouji-Sama - More Sweet Edition,DS,2010.0,Sports,Konami Digital Entertainment,0.0,0.0,0.1,0.0,0.1
325,16035,Shinobi Koutsutsu,PSP,2014.0,Adventure,Idea Factory,0.0,0.0,0.01,0.0,0.01
326,2500,I Spy: Fun House,DS,2007.0,Puzzle,Scholastic Inc.,0.77,0.0,0.0,0.06,0.83
327,1311,Mass Effect 3,PS3,2012.0,Role-Playing,Electronic Arts,0.63,0.59,0.03,0.21,1.46
328,3188,SingStar Queen,PS2,2009.0,Misc,Sony Computer Entertainment,0.08,0.12,0.0,0.44,0.63
329,12319,The Book of Unwritten Tales: The Critter Chronicles,PC,2011.0,Action,Crimson Cow,0.0,0.05,0.0,0.01,0.06
330,995,Def Jam: Fight for NY,PS2,2004.0,Fighting,Electronic Arts,0.86,0.67,0.0,0.22,1.76
331,5635,DiRT Rally,PS4,2016.0,Racing,Codemasters,0.03,0.24,0.0,0.05,0.32
332,8057,Summer Athletics: The Ultimate Challenge,PS2,2008.0,Sports,DTP Entertainment,0.0,0.0,0.0,0.18,0.18
333,856,Harry Potter and the Chamber of Secrets,PS,2002.0,Action,Electronic Arts,0.75,1.09,0.02,0.12,1.98
334,10303,Dr. Seuss' The Cat in the Hat,XB,2003.0,Misc,Vivendi Games,0.08,0.02,0.0,0.0,0.11
335,3099,Tom Clancy's EndWar,PS3,2008.0,Strategy,Ubisoft,0.32,0.22,0.01,0.1,0.65
336,9319,Tom Clancy's Ghost Recon,Wii,2010.0,Shooter,Ubisoft,0.11,0.01,0.0,0.01,0.14
337,4678,Ghostbusters: The Video Game,DS,2009.0,Action,Atari,0.26,0.12,0.0,0.04,0.41
338,4049,Bakugan Battle Brawlers: Defenders of the Core,DS,2010.0,Action,Activision,0.42,0.02,0.02,0.03,0.49
339,2061,1942,NES,1985.0,Shooter,Capcom,0.65,0.14,0.21,0.0,1.0
340,14841,World War II Combat: Road To Berlin,XB,2006.0,Shooter,Groove Games,0.02,0.01,0.0,0.0,0.03
341,5081,Harry Potter and the Prisoner of Azkaban,GC,2004.0,Action,Electronic Arts,0.29,0.08,0.0,0.01,0.38
342,292,Forza Motorsport 2,X360,2007.0,Racing,Microsoft Game Studios,2.35,1.28,0.03,0.41,4.06
343,10917,Ninja Gaiden Black,XB,2005.0,Action,Microsoft Game Studios,0.07,0.02,0.0,0.0,0.09
344,5942,Guitar Hero: Van Halen,X360,2009.0,Misc,Activision,0.16,0.1,0.0,0.03,0.3
345,5558,Sniper Elite 3,XOne,2014.0,Shooter,505 Games,0.19,0.11,0.0,0.03,0.33
346,16147,Pet Shop Monogatari DS 2,DS,2010.0,Simulation,Taito,0.0,0.0,0.01,0.0,0.01
347,5684,Power Rangers: Time Force,PS,2001.0,Action,THQ,0.18,0.12,0.0,0.02,0.32
348,4503,SSX Tricky,XB,2001.0,Sports,Electronic Arts,0.32,0.09,0.0,0.02,0.43
349,1238,NBA Live 2000,PS,1998.0,Sports,Electronic Arts,1.43,0.05,0.0,0.03,1.52
350,4357,PES 2009: Pro Evolution Soccer,Wii,2009.0,Sports,Konami Digital Entertainment,0.09,0.26,0.05,0.05,0.45
351,2845,Kangaroo,2600,1982.0,Platform,Atari,0.67,0.04,0.0,0.01,0.72
352,14625,The Croods: Prehistoric Party!,WiiU,2013.0,Misc,D3Publisher,0.01,0.01,0.0,0.0,0.03
353,13957,Ragnarok Odyssey,PS3,2014.0,Role-Playing,GungHo,0.03,0.01,0.0,0.01,0.04
354,13073,Over the Hedge: Hammy Goes Nuts!,PSP,2006.0,Platform,Activision,0.05,0.0,0.0,0.0,0.05
355,10336,My Boyfriend,DS,2008.0,Simulation,DTP Entertainment,0.1,0.0,0.0,0.01,0.11
356,9497,RealSports Volleyball,2600,1981.0,Sports,Atari,0.12,0.01,0.0,0.0,0.13
357,15338,Mystery Tales 2: The Spirit Mask,DS,2011.0,Puzzle,Unknown,0.0,0.02,0.0,0.0,0.02
358,15447,Spanish for Everyone!,DS,2007.0,Puzzle,Activision,0.02,0.0,0.0,0.0,0.02
359,14641,Syberia II,XB,2004.0,Adventure,Ubisoft,0.02,0.01,0.0,0.0,0.03
360,10826,Disney's Aladdin in Nasira's Revenge,PS,2000.0,Action,Sony Computer Entertainment,0.05,0.04,0.0,0.01,0.09
361,1090,Star Wars: Battlefront II,XB,2005.0,Shooter,Activision,1.22,0.39,0.0,0.06,1.67
362,7602,Rock Band Track Pack: Classic Rock,PS2,2009.0,Misc,MTV Games,0.1,0.08,0.0,0.03,0.2
363,7541,The Ultimate Red Ball Challenge,Wii,2009.0,Misc,Mindscape,0.0,0.19,0.0,0.01,0.2
364,13498,Nobunaga's Ambition (3DS),3DS,2013.0,Simulation,Tecmo Koei,0.0,0.0,0.04,0.0,0.04
365,16373,Gobliiins 4,PC,2009.0,Adventure,Kalypso Media,0.0,0.01,0.0,0.0,0.01
366,14416,Harry Potter and the Half-Blood Prince,PC,2009.0,Action,Electronic Arts,0.0,0.03,0.0,0.01,0.03
367,11334,SaGa 3: Jikuu no Hasha - Shadow or Light,DS,2011.0,Role-Playing,Square Enix,0.0,0.0,0.08,0.0,0.08
368,1885,The Godfather,PS2,2006.0,Action,Electronic Arts,0.89,0.03,0.01,0.15,1.09
369,10821,Playboy: The Mansion,XB,2005.0,Simulation,Ubisoft,0.07,0.02,0.0,0.0,0.09
370,1934,World Tour Soccer,PSP,2005.0,Sports,Sony Computer Entertainment,0.1,0.63,0.0,0.34,1.07
371,7755,"Ni Hao, Kai-lan: Super Game Day",Wii,2009.0,Misc,Take-Two Interactive,0.18,0.0,0.0,0.01,0.19
372,15799,NHL 16,X360,2015.0,Sports,Electronic Arts,0.0,0.02,0.0,0.0,0.02
373,1326,4 Nin uchi Mahjong,NES,1984.0,Misc,Nintendo,0.0,0.0,1.45,0.0,1.45
374,9524,Nintendo Puzzle Collection,GC,2005.7605893186003,Puzzle,Unknown,0.0,0.0,0.13,0.0,0.13
375,11046,Ratchet & Clank Future: Quest for Booty,PS3,2008.0,Platform,Sony Computer Entertainment,0.01,0.06,0.0,0.02,0.09
376,7721,Marvel Super Hero Squad: Comic Combat,Wii,2011.0,Action,THQ,0.15,0.03,0.0,0.01,0.2
377,5491,Legends of Wrestling II,PS2,2002.0,Fighting,Acclaim Entertainment,0.16,0.13,0.0,0.04,0.33
378,15958,"Sharin no Kuni, Himawari no Shoujo",X360,2010.0,Adventure,5pb,0.0,0.0,0.02,0.0,0.02
379,12855,Miracle Girls Festival,PSV,2015.0,Misc,Sega,0.0,0.0,0.05,0.0,0.05
380,12429,DreamWorks Super Star Kartz,X360,2011.0,Racing,Activision,0.05,0.01,0.0,0.0,0.06
381,2868,Dynasty Warriors 6,PS3,2007.0,Action,Tecmo Koei,0.18,0.08,0.41,0.04,0.71
382,3847,Mission: Impossible,PS,1999.0,Action,Infogrames,0.29,0.2,0.0,0.03,0.52
383,6106,All Star Cheer Squad,DS,2008.0,Sports,THQ,0.26,0.0,0.0,0.02,0.28
384,16180,Rail Simulator,PC,2007.0,Simulation,Electronic Arts,0.0,0.01,0.0,0.0,0.01
385,4366,Rampage World Tour,N64,1998.0,Action,GT Interactive,0.36,0.08,0.0,0.01,0.45
386,7225,ECW Hardcore Revolution,N64,2000.0,Fighting,Acclaim Entertainment,0.18,0.04,0.0,0.0,0.22
387,7872,Family Game Night 4: The Game Show,Wii,2011.0,Misc,Electronic Arts,0.13,0.04,0.0,0.01,0.19
388,5550,Eternal Sonata,X360,2007.0,Role-Playing,Atari,0.19,0.04,0.08,0.02,0.33
389,9484,Just Dance: Disney Party,Wii,2012.0,Misc,Ubisoft,0.01,0.1,0.0,0.02,0.13
390,4310,Tales of Vesperia,PS3,2009.0,Role-Playing,Namco Bandai Games,0.0,0.0,0.45,0.0,0.45
391,14771,Buffy the Vampire Slayer: Chaos Bleeds,GC,2003.0,Action,Vivendi Games,0.02,0.01,0.0,0.0,0.03
392,7573,Harvest Moon: More Friends of Mineral Town,GBA,2003.0,Simulation,Ubisoft,0.14,0.05,0.0,0.0,0.2
393,8312,Cabela's Legendary Adventures,PSP,2008.0,Sports,Activision,0.16,0.0,0.0,0.01,0.17
394,16062,Alfa Romeo Racing Italiano,PS2,2005.0,Racing,Black Bean Games,0.01,0.01,0.0,0.0,0.01
395,8215,Stormrise,PS3,2009.0,Strategy,Sega,0.13,0.02,0.0,0.02,0.17
396,8796,The Secret Saturdays: Beasts of the 5th Sun,PS2,2009.0,Action,D3Publisher,0.05,0.02,0.0,0.08,0.15
397,8478,Alien Resurrection,PS,2000.0,Shooter,Fox Interactive,0.09,0.06,0.0,0.01,0.16
398,1144,Baseball,GB,1989.0,Sports,Nintendo,0.66,0.27,0.65,0.03,1.61
399,4431,DmC: Devil May Cry,X360,2013.0,Action,Capcom,0.26,0.13,0.01,0.04,0.44
400,12005,The Guy Game,XB,2004.0,Misc,Gathering of Developers,0.05,0.02,0.0,0.0,0.07
401,7039,Last Window: The Secret of Cape West,DS,2010.0,Adventure,Nintendo,0.0,0.12,0.09,0.02,0.23
402,6072,Dragon Ball Heroes: Ultimate Mission,3DS,2013.0,Misc,Namco Bandai Games,0.0,0.0,0.29,0.0,0.29
403,8035,Borderlands,PC,2009.0,Shooter,Take-Two Interactive,0.01,0.14,0.0,0.04,0.18
404,2679,LEGO Batman 2: DC Super Heroes,DS,2012.0,Action,Warner Bros. Interactive Entertainment,0.43,0.27,0.0,0.06,0.77
405,13179,Yu-Gi-Oh! World Championship 2007,DS,2007.0,Strategy,Konami Digital Entertainment,0.0,0.01,0.04,0.0,0.05
406,16008,Sengoku Hime: Senran ni Mau Otometachi,PSP,2009.0,Adventure,Yeti,0.0,0.0,0.01,0.0,0.01
407,9499,Smart Boy's Gameroom,DS,2007.0,Misc,505 Games,0.12,0.0,0.0,0.01,0.13
408,56,Call of Duty: Modern Warfare 2,PS3,2009.0,Shooter,Activision,4.99,3.69,0.38,1.63,10.69
409,1878,Virtua Fighter 5,PS3,2007.0,Fighting,Sega,0.29,0.52,0.08,0.2,1.09
410,15308,Rugby League Team Manager 2015,PC,2015.0,Action,Alternative Software,0.0,0.02,0.0,0.0,0.02
411,14949,Jikkyou Powerful Pro Yakyuu 12 Ketteiban,GC,2005.0,Sports,Konami Digital Entertainment,0.0,0.0,0.02,0.0,0.02
412,16521,Crossroad Crisis,PS,2000.0,Puzzle,Success,0.01,0.0,0.0,0.0,0.01
413,7858,The Amazing Spider-Man (Console Version),3DS,2012.0,Action,Activision,0.15,0.03,0.0,0.01,0.19
414,1442,FIFA Soccer 08,PSP,2007.0,Sports,Electronic Arts,0.2,0.76,0.0,0.39,1.35
415,5957,Just Dance Kids 2,Wii,2011.0,Misc,Ubisoft,0.28,0.0,0.0,0.02,0.29
416,6583,Armored Core: Master of Arena,PS,1999.0,Simulation,From Software,0.07,0.05,0.13,0.02,0.26
417,13398,Hakuouki: Bakumatsu Musou Roku,PSP,2012.0,Action,Idea Factory,0.0,0.0,0.05,0.0,0.05
418,16558,Codename: Panzers Complete Collection,PC,2016.0,Strategy,Nordic Games,0.0,0.01,0.0,0.0,0.01
419,10973,New Legends,XB,2002.0,Action,THQ,0.07,0.02,0.0,0.0,0.09
420,16135,Festa!! Hyper Girls Party,PS2,2006.0,Adventure,KID,0.0,0.0,0.01,0.0,0.01
421,962,Virtua Fighter 4,PS2,2002.0,Fighting,Sega,0.78,0.44,0.56,0.04,1.81
422,3691,SingStar Summer Party,PS2,2008.0,Misc,Sony Computer Entertainment,0.0,0.06,0.0,0.48,0.54
423,4680,Jampack Spring 2004 (RP-T),PS2,2003.0,Misc,Sony Computer Entertainment,0.2,0.16,0.0,0.05,0.41
424,5037,Dora The Explorer: Dora Saves the Snow Princess,PS2,2008.0,Platform,Take-Two Interactive,0.19,0.15,0.0,0.05,0.38
425,8277,Disney's Atlantis: The Lost Empire,PS,2001.0,Platform,Sony Computer Entertainment,0.1,0.07,0.0,0.01,0.17
426,8120,Daigasso! Band Brothers P,3DS,2013.0,Misc,Nintendo,0.0,0.0,0.18,0.0,0.18
427,9379,Rumble Roses XX,X360,2006.0,Fighting,Konami Digital Entertainment,0.07,0.01,0.04,0.01,0.13
428,14555,Popeye: Rush for Spinach,GBA,2005.0,Platform,Atari,0.02,0.01,0.0,0.0,0.03
429,9693,Tom Clancy's Splinter Cell Trilogy,PS3,2011.0,Action,Ubisoft,0.0,0.1,0.0,0.03,0.12
430,3362,Mickey's Speedway USA,N64,2000.0,Racing,Nintendo,0.37,0.08,0.14,0.01,0.6
431,6047,Madden NFL 08,XB,2007.0,Sports,Electronic Arts,0.22,0.06,0.0,0.01,0.29
432,15338,Mystery Tales 2: The Spirit Mask,DS,2011.0,Puzzle,Unknown,0.0,0.02,0.0,0.0,0.02
433,2945,X-Men Origins: Wolverine - Uncaged Edition,X360,2009.0,Action,Activision,0.42,0.21,0.0,0.06,0.69
434,1854,Triple Play 98,PS,1997.0,Sports,Electronic Arts,0.61,0.42,0.0,0.07,1.1
435,8100,Sesame Street: Elmo's Letter Adventure,N64,1999.0,Misc,NewKidCo,0.14,0.04,0.0,0.0,0.18
436,11769,Super Ghouls 'n Ghosts,GBA,2002.0,Platform,Capcom,0.05,0.02,0.0,0.0,0.07
437,7759,Parlor! Mini 4,SNES,1996.0,Misc,Nippon Telenet,0.0,0.0,0.19,0.0,0.19
438,8346,Time and Eternity,PS3,2012.0,Role-Playing,Nippon Ichi Software,0.06,0.03,0.06,0.02,0.17
439,3720,FIFA 99,N64,1998.0,Sports,Electronic Arts,0.11,0.39,0.0,0.03,0.54
440,11707,Mind Quiz: Your Brain Coach,DS,2006.0,Misc,Ubisoft,0.0,0.0,0.08,0.0,0.08
441,12435,Shonen Jump's Shaman King: Legacy of the Spirits - Soaring Hawk/Sprinting Wolf,GBA,2005.0,Action,Konami Digital Entertainment,0.04,0.02,0.0,0.0,0.06
442,1512,High School Musical 3: Senior Year DANCE!,Wii,2008.0,Misc,Disney Interactive Studios,0.68,0.49,0.0,0.13,1.31
443,14694,Battle Arena Toshinden URA,SAT,1995.0,Fighting,Sega,0.0,0.0,0.03,0.0,0.03
444,7482,Outlaw Golf 2,XB,2004.0,Sports,Global Star,0.15,0.04,0.0,0.01,0.21
445,14103,Turbo: Super Stunt Squad,DS,2013.0,Sports,D3Publisher,0.0,0.03,0.0,0.0,0.03
446,9888,HardBall 5,PS,1996.0,Sports,SPS,0.07,0.04,0.0,0.01,0.12
447,1608,Ridge Racer V,PS2,2000.0,Action,Namco Bandai Games,0.24,0.19,0.75,0.06,1.24
448,9389,Venetica,X360,2010.0,Role-Playing,DTP Entertainment,0.09,0.03,0.0,0.01,0.13
449,8182,Captain America: Super Soldier,X360,2011.0,Action,Sega,0.11,0.05,0.0,0.01,0.18
450,13694,Rise of Nations,PC,2003.0,Strategy,Microsoft Game Studios,0.01,0.02,0.0,0.01,0.04
451,550,L.A. Noire,X360,2011.0,Adventure,Take-Two Interactive,1.52,0.94,0.02,0.24,2.72
452,11017,Ben 10 Galactic Racing,PS3,2011.0,Racing,D3Publisher,0.06,0.02,0.0,0.01,0.09
453,9756,WRC 5: FIA World Rally Championship,PS3,2015.0,Sports,Bigben Interactive,0.02,0.09,0.0,0.02,0.12
454,12080,Motor Toon Grand Prix (Japan),PS,1994.0,Racing,Sony Computer Entertainment,0.0,0.0,0.06,0.0,0.07
455,10194,The Adventures of Jimmy Neutron Boy Genius: Jet Fusion,GC,2003.0,Action,THQ,0.09,0.02,0.0,0.0,0.11
456,6665,Bomberman Tournament,GBA,2001.0,Puzzle,Activision,0.1,0.04,0.1,0.01,0.25
457,4677,Zone of the Enders: The 2nd Runner,PS2,2003.0,Simulation,Konami Digital Entertainment,0.15,0.12,0.11,0.04,0.41
458,11681,The Legend of Kage 2,DS,2008.0,Action,Square Enix,0.07,0.0,0.0,0.0,0.08
459,15805,Football Academy,DS,2009.0,Sports,Electronic Arts,0.0,0.01,0.0,0.0,0.02
460,13280,Monster Hunter Frontier Online,PS3,2005.7605893186003,Role-Playing,,0.0,0.0,0.05,0.0,0.05
461,3970,Crash: Mind Over Mutant,PS2,2008.0,Platform,Vivendi Games,0.25,0.19,0.0,0.06,0.5
462,4390,NHL FaceOff,PS,1994.0,Sports,Sony Computer Entertainment,0.25,0.17,0.0,0.03,0.45
463,2660,DJ Hero,Wii,2009.0,Misc,Activision,0.47,0.23,0.0,0.07,0.77
464,14398,Ratatouille,PC,2007.0,Action,THQ,0.01,0.01,0.0,0.0,0.03
465,11396,PoPoLoCrois (JP sales),PSP,2005.0,Role-Playing,Ignition Entertainment,0.0,0.0,0.08,0.0,0.08
466,13326,National Geographic Challenge!,PS3,2011.0,Misc,Black Bean Games,0.01,0.03,0.0,0.01,0.05
467,7017,Imagine: Detective,DS,2009.0,Simulation,Ubisoft,0.16,0.01,0.0,0.06,0.23
468,3078,Toy Story 3: The Video Game,PSP,2010.0,Action,Disney Interactive Studios,0.27,0.25,0.0,0.14,0.66
469,7067,Tetris 2 (weekly jp sales),GB,1992.0,Puzzle,Nintendo,0.0,0.0,0.23,0.0,0.23
470,2162,Lost Planet 2,PS3,2010.0,Shooter,Capcom,0.29,0.34,0.2,0.13,0.96
471,10071,Stubbs the Zombie in Rebel Without a Pulse,XB,2005.0,Action,THQ,0.08,0.02,0.0,0.0,0.11
472,4480,Power Rangers: S.P.D.,GBA,2004.0,Action,THQ,0.31,0.12,0.0,0.01,0.44
473,5574,God of War Collection,PSV,2014.0,Action,Sony Computer Entertainment,0.14,0.1,0.01,0.07,0.33
474,5528,SSX Blur,Wii,2007.0,Sports,Electronic Arts,0.29,0.01,0.0,0.03,0.33
475,1885,The Godfather,PS2,2006.0,Action,Electronic Arts,0.89,0.03,0.01,0.15,1.09
476,4482,SingStar Motown,PS2,2009.0,Misc,Sony Computer Entertainment,0.0,0.06,0.0,0.38,0.44
477,9109,Yu-Gi-Oh! Monster Capture GB,GB,2000.0,Role-Playing,Konami Digital Entertainment,0.0,0.0,0.14,0.0,0.14
478,576,LEGO Star Wars: The Complete Saga,X360,2007.0,Action,LucasArts,1.53,0.87,0.0,0.24,2.64
479,16450,Legacy of Kain: Defiance,PC,2003.0,Action,Eidos Interactive,0.0,0.01,0.0,0.0,0.01
480,2191,WWE SmackDown vs. Raw 2009,PS3,2008.0,Fighting,THQ,0.51,0.31,0.01,0.13,0.95
481,9033,Thunder Truck Rally,PS,1997.0,Racing,Psygnosis,0.08,0.05,0.0,0.01,0.14
482,5284,Batman: Rise of Sin Tzu,PS2,2003.0,Action,Ubisoft,0.17,0.13,0.0,0.05,0.35
483,7283,Saltwater Sportfishing,PS,2001.0,Sports,Take-Two Interactive,0.12,0.08,0.0,0.01,0.22
484,3077,Wario: Master of Disguise,DS,2007.0,Platform,Nintendo,0.28,0.02,0.33,0.03,0.66
485,5409,Bookworm,DS,2009.0,Puzzle,PopCap Games,0.31,0.01,0.0,0.02,0.34
486,11819,I-Ninja,XB,2003.0,Platform,Namco Bandai Games,0.05,0.02,0.0,0.0,0.07
487,6382,F1 2016 (Codemasters),PS4,2016.0,Racing,Codemasters,0.01,0.21,0.01,0.04,0.27
488,11665,Pitfall: The Lost Expedition,GC,2004.0,Platform,Activision,0.06,0.02,0.0,0.0,0.08
489,4138,Tiger Woods PGA Tour 06,XB,2005.0,Sports,Electronic Arts,0.35,0.11,0.0,0.02,0.48
490,14458,Kyokugen Dasshutsu ADV: Zennin Shiboudesu,3DS,2012.0,Adventure,ChunSoft,0.0,0.0,0.03,0.0,0.03
491,4830,NFL Quarterback Club 2000,N64,1999.0,Sports,Acclaim Entertainment,0.37,0.03,0.0,0.0,0.4
492,12655,Honeycomb Beat,DS,2006.0,Puzzle,Konami Digital Entertainment,0.05,0.0,0.0,0.0,0.06
493,8876,Virtua Tennis 4,Wii,2011.0,Sports,Sega,0.05,0.08,0.0,0.02,0.15
494,1896,Prince of Persia,PS3,2008.0,Action,Ubisoft,0.47,0.41,0.03,0.18,1.08
495,6568,Marvel Super Heroes vs. Street Fighter,PS,1998.0,Fighting,Virgin Interactive,0.14,0.1,0.0,0.02,0.26
496,5116,Madden NFL 11,PSP,2010.0,Sports,Electronic Arts,0.35,0.0,0.0,0.03,0.37
497,15894,Trigger Man,GC,2004.0,Shooter,Crave Entertainment,0.01,0.0,0.0,0.0,0.02
498,3244,Vanquish,PS3,2010.0,Shooter,Sega,0.21,0.22,0.11,0.09,0.62
499,10117,Gun Metal,XB,2002.0,Shooter,Rage Software,0.08,0.02,0.0,0.0,0.11
500,9179,Eragon,X360,2006.0,Action,Vivendi Games,0.12,0.01,0.0,0.01,0.14
501,6659,The Powerpuff Girls: Chemical X-Traction,PS,2001.0,Action,BAM! Entertainment,0.14,0.1,0.0,0.02,0.25
502,983,Wii Party U,WiiU,2013.0,Misc,Nintendo,0.31,0.54,0.84,0.08,1.77
503,13930,Shin Hayarigami,PS3,2014.0,Adventure,Nippon Ichi Software,0.0,0.0,0.04,0.0,0.04
504,7801,DanceMasters,X360,2010.0,Misc,Konami Digital Entertainment,0.15,0.02,0.02,0.01,0.19
505,7481,BeyBlade VForce: Super Tournament Battle,GC,2002.0,Action,Atari,0.16,0.04,0.0,0.01,0.21
506,5995,NBA Live 06,X360,2005.0,Sports,Electronic Arts,0.27,0.0,0.0,0.02,0.29
507,13619,Hana to Ikimo no Rittai Zukan,3DS,2011.0,Misc,Nintendo,0.0,0.0,0.04,0.0,0.04
508,5980,Fisherman's Bait 2: Big Ol' Bass,PS,1999.0,Sports,Konami Digital Entertainment,0.16,0.11,0.0,0.02,0.29
509,10311,Final Fantasy I & II,NES,1994.0,Role-Playing,Square,0.0,0.0,0.11,0.0,0.11
510,501,Call of Duty: Finest Hour,PS2,2004.0,Shooter,Activision,1.51,1.12,0.01,0.24,2.89
511,6738,Pirates of the Caribbean: The Legend of Jack Sparrow,PS2,2006.0,Adventure,Ubisoft,0.12,0.09,0.0,0.03,0.25
512,2107,Pro Evolution Soccer 2008,PSP,2008.0,Sports,Konami Digital Entertainment,0.02,0.53,0.19,0.25,0.98
513,14084,Hitman: Blood Money,PC,2006.0,Action,Eidos Interactive,0.0,0.03,0.0,0.01,0.04
514,4403,Celebrity Sports Showdown,Wii,2008.0,Sports,Electronic Arts,0.18,0.22,0.0,0.05,0.45
515,7899,Phantasy Star Universe,PS2,2006.0,Role-Playing,Sega,0.0,0.0,0.19,0.0,0.19
516,6393,The Sims 2: Pets,GC,2006.0,Simulation,Electronic Arts,0.21,0.05,0.0,0.01,0.27
517,14920,ZooCube,GC,2002.0,Puzzle,Acclaim Entertainment,0.02,0.0,0.0,0.0,0.02
518,8998,Shadow Hearts: From The New World,PS2,2005.0,Role-Playing,Ghostlight,0.07,0.06,0.0,0.02,0.14
519,7466,X-Men: Children of the Atom,SAT,1995.0,Fighting,Acclaim Entertainment,0.0,0.0,0.21,0.0,0.21
520,14,Wii Fit,Wii,2007.0,Sports,Nintendo,8.94,8.03,3.6,2.15,22.72
521,3847,Mission: Impossible,PS,1999.0,Action,Infogrames,0.29,0.2,0.0,0.03,0.52
522,14607,Power Poke Dash,GBA,2006.0,Sports,Konami Digital Entertainment,0.0,0.0,0.03,0.0,0.03
523,14773,Brothers Conflict: Passion Pink,PSP,2012.0,Action,Idea Factory,0.0,0.0,0.03,0.0,0.03
524,226,Tony Hawk's Pro Skater 2,PS,2000.0,Sports,Activision,3.05,1.41,0.02,0.2,4.68
525,1267,Pac-Man World,PS,1998.0,Action,Namco Bandai Games,1.21,0.14,0.1,0.04,1.5
526,2410,SingStar '90s,PS2,2007.0,Misc,Sony Computer Entertainment,0.1,0.59,0.0,0.18,0.87
527,11557,RoadKill,XB,2003.0,Action,Midway Games,0.06,0.02,0.0,0.0,0.08
528,14209,Crazy Chicken: Star Karts,DS,2008.0,Racing,Phenomedia,0.03,0.0,0.0,0.0,0.03
529,9769,The X Files: Resist or Serve,PS2,2004.0,Adventure,Vivendi Games,0.06,0.05,0.0,0.02,0.12
530,3912,Monsters vs. Aliens,DS,2009.0,Action,Activision,0.33,0.13,0.0,0.05,0.51
531,1589,Dragon Ball: Daimaou Fukkatsu,NES,1988.0,Role-Playing,Namco Bandai Games,0.0,0.0,1.25,0.0,1.25
532,11862,Squishy Tank,DS,2010.0,Puzzle,Natsume,0.07,0.0,0.0,0.0,0.07
533,2223,Buzz! Quiz World,PS3,2009.0,Misc,Sony Computer Entertainment,0.16,0.58,0.0,0.2,0.93
534,497,Sega Superstars Tennis,X360,2008.0,Sports,Sega,1.75,0.86,0.0,0.28,2.9
535,15622,"Shounen Onmyouji: Tsubasa Yoima, Ten e Kaere",PS2,2007.0,Adventure,Kadokawa Shoten,0.0,0.0,0.02,0.0,0.02
536,9395,Rugby 15,PS3,2015.0,Sports,Bigben Interactive,0.02,0.09,0.0,0.02,0.13
537,15016,Xenosaga IÂ·II,DS,2006.0,Role-Playing,Namco Bandai Games,0.0,0.0,0.02,0.0,0.02
538,12508,Olympic Hockey 98,N64,1998.0,Sports,GT Interactive,0.05,0.01,0.0,0.0,0.06
539,6158,Yu-Gi-Oh! World Championship 2008,DS,2007.0,Strategy,Konami Digital Entertainment,0.13,0.02,0.12,0.01,0.28
540,8695,Kingdom Hearts: Birth by Sleep - Final Mix,PSP,2011.0,Role-Playing,Square Enix,0.0,0.0,0.16,0.0,0.16
541,7048,Perfect Weapon,PS,1996.0,Action,American Softworks,0.13,0.09,0.0,0.02,0.23
542,13345,Galaxy Racers,DS,2010.0,Racing,Ubisoft,0.04,0.0,0.0,0.0,0.05
543,10436,Kamen Rider: Battride War II,PS3,2014.0,Action,Namco Bandai Games,0.0,0.0,0.1,0.0,0.1
544,15077,Bottom of the 9th '97,PS,1997.0,Sports,Konami Digital Entertainment,0.01,0.01,0.0,0.0,0.02
545,749,ATV Offroad Fury 2,PS2,2002.0,Racing,THQ,1.92,0.2,0.0,0.06,2.18
546,191,Medal of Honor: Rising Sun,PS2,2003.0,Shooter,Electronic Arts,1.98,2.23,0.13,0.8,5.13
547,14484,Power Rangers Super Megaforce,3DS,2014.0,Action,Namco Bandai Games,0.01,0.01,0.0,0.0,0.03
548,1004,Star Wars: Starfighter,PS2,2001.0,Simulation,Activision,0.61,0.87,0.02,0.26,1.76
549,15227,Umineko no Naku Koro ni: Majo to Suiri no Rinbukyoku,PS3,2010.0,Adventure,Alchemist,0.0,0.0,0.02,0.0,0.02
550,15993,Shinseiki Evangelion: Battle Orchestra Portable,PSP,2009.0,Fighting,Broccoli,0.0,0.0,0.01,0.0,0.01
551,5753,Cabela's Outdoor Adventures (2009),Wii,2009.0,Sports,Activision Value,0.29,0.0,0.0,0.02,0.31
552,15887,GTI Club: Supermini Festa!,Wii,2010.0,Racing,Konami Digital Entertainment,0.01,0.0,0.0,0.0,0.02
